Nombre,Referencia
Prueba Cincuenta 01,CSV-20260922-15-1
Prueba Cincuenta 02,CSV-20260922-15-2
Prueba Cincuenta 03,CSV-20260922-15-3
Prueba Cincuenta 04,CSV-20260922-15-4
Prueba Cincuenta 05,CSV-20260922-15-5
Prueba Cincuenta 06,CSV-20260922-15-6
Prueba Cincuenta 07,CSV-20260922-15-7
Prueba Cincuenta 08,CSV-20260922-15-8
Prueba Cincuenta 09,CSV-20260922-15-9
Prueba Cincuenta 10,CSV-20260922-15-10
Prueba Cincuenta 11,CSV-20260922-15-11
Prueba Cincuenta 12,CSV-20260922-15-12
Prueba Cincuenta 13,CSV-20260922-15-13
Prueba Cincuenta 14,CSV-20260922-15-14
Prueba Cincuenta 15,CSV-20260922-15-15
Prueba Cincuenta 16,CSV-20260922-15-16
Prueba Cincuenta 17,CSV-20260922-15-17
Prueba Cincuenta 18,CSV-20260922-15-18
Prueba Cincuenta 19,CSV-20260922-15-19
Prueba Cincuenta 20,CSV-20260922-15-20
Prueba Cincuenta 21,CSV-20260922-15-21
Prueba Cincuenta 22,CSV-20260922-15-22
Prueba Cincuenta 23,CSV-20260922-15-23
Prueba Cincuenta 24,CSV-20260922-15-24
Prueba Cincuenta 25,CSV-20260922-15-25
Prueba Cincuenta 26,CSV-20260922-15-26
Prueba Cincuenta 27,CSV-20260922-15-27
Prueba Cincuenta 28,CSV-20260922-15-28
Prueba Cincuenta 29,CSV-20260922-15-29
Prueba Cincuenta 30,CSV-20260922-15-30
Prueba Cincuenta 31,CSV-20260922-15-31
Prueba Cincuenta 32,CSV-20260922-15-32
Prueba Cincuenta 33,CSV-20260922-15-33
Prueba Cincuenta 34,CSV-20260922-15-34
Prueba Cincuenta 35,CSV-20260922-15-35
Prueba Cincuenta 36,CSV-20260922-15-36
Prueba Cincuenta 37,CSV-20260922-15-37
Prueba Cincuenta 38,CSV-20260922-15-38
Prueba Cincuenta 39,CSV-20260922-15-39
Prueba Cincuenta 40,CSV-20260922-15-40
Prueba Cincuenta 41,CSV-20260922-15-41
Prueba Cincuenta 42,CSV-20260922-15-42
Prueba Cincuenta 43,CSV-20260922-15-43
Prueba Cincuenta 44,CSV-20260922-15-44
Prueba Cincuenta 45,CSV-20260922-15-45
Prueba Cincuenta 46,CSV-20260922-15-46
Prueba Cincuenta 47,CSV-20260922-15-47
Prueba Cincuenta 48,CSV-20260922-15-48
Prueba Cincuenta 49,CSV-20260922-15-49
Prueba Cincuenta 50,CSV-20260922-15-50
